ApplicantIncome,CoapplicantIncome,Loan_Amount_Term,Credit_History,Gender_Male,Gender_Missing,Married_No,Married_Yes,Dependents_1,Dependents_2,Dependents_3+,Dependents_Missing,Education_Not Graduate,Self_Employed_No,Self_Employed_Yes,Property_Area_Semiurban,Property_Area_Urban,Loan_Status_Y,LoanAmount
-0.1333531583153162,-0.04540431029473901,0.26958214492566873,0.4094543441710592,True,False,False,True,True,False,False,False,False,True,False,False,False,False,128.0
-0.3903810502040029,-0.5539686434592129,0.26958214492566873,0.4094543441710592,True,False,False,True,False,False,False,False,False,False,True,False,True,True,66.0
-0.45808833442231134,0.24125330455261035,0.26958214492566873,0.4094543441710592,True,False,False,True,False,False,False,False,True,True,False,False,True,True,120.0
0.09672171395648989,-0.5539686434592129,0.26958214492566873,0.4094543441710592,True,False,True,False,False,False,False,False,False,True,False,False,True,True,141.0
0.002061410121300804,0.8611082411284081,0.26958214492566873,0.4094543441710592,True,False,False,True,False,True,False,False,False,False,True,False,True,True,267.0
-0.49868023143568574,-0.04270635627264631,0.26958214492566873,0.4094543441710592,True,False,False,True,False,False,False,False,True,True,False,False,True,True,95.0
-0.38453581703407697,0.2904909654558021,0.26958214492566873,-2.4422747352320835,True,False,False,True,False,False,True,False,False,True,False,True,False,False,158.0
-0.22703925662218427,-0.03933391374503043,0.26958214492566873,0.4094543441710592,True,False,False,True,False,True,False,False,False,True,False,False,True,True,168.0
1.2074783838304668,3.1449263208298786,0.26958214492566873,0.4094543441710592,True,False,False,True,True,False,False,False,False,True,False,True,False,False,349.0
-0.3579075325933033,-0.3178976665261017,0.26958214492566873,0.4094543441710592,True,False,False,True,False,True,False,False,False,True,False,False,True,True,70.0
-0.4715648442307516,0.06656078162210803,0.26958214492566873,0.4094543441710592,True,False,False,True,False,True,False,False,False,False,False,False,True,True,109.0
-0.3785282162760975,2.1797332694262153,0.26958214492566873,0.4094543441710592,True,False,False,True,False,True,False,False,False,True,False,False,True,True,200.0
-0.5766166737013646,0.4038050343836955,0.26958214492566873,0.4094543441710592,True,False,True,False,False,False,False,False,False,True,False,False,False,False,114.0
-0.6665683174830023,-0.1877213849601289,-3.4418743619579533,0.4094543441710592,True,False,False,True,False,True,False,False,False,True,False,False,True,True,17.0
-0.07376425349968256,-0.5539686434592129,0.26958214492566873,0.4094543441710592,True,False,True,False,False,False,False,False,False,True,False,False,True,True,125.0
-0.2936099677241183,-0.5539686434592129,-1.5861461085161421,0.4094543441710592,True,False,True,False,True,False,False,False,True,True,False,False,True,True,100.0
-0.3075735802967191,-0.5539686434592129,0.26958214492566873,-2.4422747352320835,False,False,True,False,False,False,False,False,False,True,False,False,True,False,76.0
-0.08399341154705292,-0.5539686434592129,0.26958214492566873,0.4094543441710592,True,False,False,True,False,False,False,False,True,True,False,False,False,False,133.0
-0.4553280854254019,0.6263862412063432,0.26958214492566873,0.4094543441710592,True,False,False,True,False,False,False,False,False,False,False,False,True,True,115.0
0.3662519101252959,-0.5539686434592129,0.26958214492566873,-2.4422747352320835,True,False,False,True,False,False,False,False,True,True,False,False,True,False,104.0
0.0894151724940825,1.3430302783247166,0.26958214492566873,0.4094543441710592,True,False,False,True,True,False,False,False,False,True,False,False,True,True,315.0
-0.4553280854254019,0.09050512356818075,0.26958214492566873,-2.4422747352320835,True,False,False,True,False,False,False,False,True,True,False,True,False,False,116.0
-0.33111688056447625,0.09252858908475027,0.26958214492566873,-2.4422747352320835,False,True,False,True,False,True,False,False,True,True,False,False,False,False,112.0
-0.2739634895696451,0.43247079586843046,0.26958214492566873,0.4094543441710592,True,False,False,True,True,False,False,False,False,False,False,True,False,False,151.0
0.6747503274269413,-0.5539686434592129,0.26958214492566873,0.4094543441710592,True,False,False,True,False,False,False,False,False,False,True,True,False,True,191.0
-0.42301693540275587,0.20584265801264368,0.26958214492566873,0.4094543441710592,True,False,False,True,False,False,False,False,False,True,False,True,False,True,122.0
-0.1913183872504148,-0.20323462058716193,0.26958214492566873,0.4094543441710592,True,False,False,True,False,True,False,False,True,True,False,False,True,True,110.0
-0.6433497523913521,-0.5539686434592129,0.26958214492566873,0.4094543441710592,True,False,True,False,False,False,False,False,True,True,False,False,True,False,35.0
-0.2686053591638797,0.1485111350431738,0.26958214492566873,0.4094543441710592,False,False,True,False,False,True,False,False,False,False,False,True,False,True,120.0
-0.20106044253362468,0.5822072440945752,0.26958214492566873,0.4094543441710592,True,False,False,True,True,False,False,False,False,False,False,False,True,False,201.0
-0.36326566299906876,-0.5539686434592129,0.26958214492566873,0.4094543441710592,True,False,True,False,False,False,False,False,False,True,False,False,True,False,74.0
-0.11565509121748495,-0.5539686434592129,0.26958214492566873,0.4094543441710592,True,False,True,False,True,False,False,False,False,False,True,False,False,False,106.0
-0.3091972561772541,0.008217525894353402,0.26958214492566873,0.4094543441710592,True,False,False,True,False,False,False,False,False,True,False,True,False,True,114.0
1.1521110363042242,0.4577641148255495,0.26958214492566873,0.4094543441710592,True,False,True,False,False,False,True,False,False,True,False,False,False,False,320.0
-0.580675863402702,-0.10543378728630158,0.26958214492566873,-2.4422747352320835,True,False,False,True,False,False,False,False,False,True,False,False,True,False,100.0
-0.28208186897231996,-0.06192927868005679,0.26958214492566873,0.4094543441710592,False,False,False,True,False,False,False,False,False,True,False,True,False,True,144.0
-0.20106044253362468,1.8775624189518327,0.26958214492566873,0.4094543441710592,True,False,True,False,False,False,False,False,False,True,False,False,True,True,184.0
-0.26893009433998666,0.00855477014711499,0.26958214492566873,0.4094543441710592,True,False,True,False,False,False,False,False,True,True,False,True,False,True,110.0
-0.2929604973719043,-0.5539686434592129,0.26958214492566873,0.4094543441710592,True,False,True,False,False,False,False,False,False,True,False,False,True,False,80.0
-0.5852221558681999,-0.14489136485940732,0.26958214492566873,0.4094543441710592,True,False,True,False,False,False,False,False,False,True,False,False,True,True,47.0
-0.4878016030361014,-0.5539686434592129,0.26958214492566873,0.4094543441710592,True,False,False,True,False,False,False,False,False,True,False,False,True,True,75.0
-0.23759314984566163,0.23383393099185543,0.26958214492566873,0.4094543441710592,True,False,False,True,False,False,False,False,False,True,False,True,False,True,134.0
-0.11516798845332445,-0.5539686434592129,0.26958214492566873,0.4094543441710592,True,False,False,True,False,False,False,False,True,False,True,False,True,True,96.0
-0.32381033910206886,-0.5539686434592129,0.26958214492566873,0.4094543441710592,False,False,True,False,False,False,False,False,False,True,False,False,True,True,88.0
0.03973069054971224,-0.5539686434592129,0.26958214492566873,0.4094543441710592,True,False,False,True,True,False,False,False,False,True,False,False,True,True,44.0
0.06765791569491383,-0.5539686434592129,0.26958214492566873,0.4094543441710592,True,False,False,True,False,False,False,False,False,True,False,False,True,True,144.0
-0.4480215439629945,0.606151586040648,0.26958214492566873,-2.4422747352320835,False,False,False,True,False,False,False,False,False,True,False,False,True,False,120.0
-0.22801346215050527,0.2132620315733986,0.26958214492566873,0.4094543441710592,False,False,True,False,False,False,False,False,False,True,False,True,False,True,144.0
-0.5644391045973522,0.0004609080808368906,0.26958214492566873,0.4094543441710592,False,False,False,True,False,False,False,False,True,True,False,True,False,True,100.0
-0.37641743763140206,-0.5539686434592129,0.26958214492566873,0.4094543441710592,False,False,True,False,False,False,False,False,False,True,False,True,False,True,120.0
-0.1906689168982008,-0.5539686434592129,0.26958214492566873,0.4094543441710592,False,False,True,False,False,False,False,False,False,True,False,True,False,False,112.0
-0.12799502790955075,-0.5539686434592129,0.26958214492566873,0.4094543441710592,True,False,False,True,False,True,False,False,False,True,False,False,True,False,134.0
0.9897434482507266,-0.5539686434592129,0.26958214492566873,-2.4422747352320835,False,False,False,True,True,False,False,False,False,False,True,False,True,False,286.0
-0.43779238591562414,-0.16040460048644034,0.26958214492566873,0.4094543441710592,True,False,False,True,False,True,False,False,False,True,False,True,False,True,97.0
-0.5313161166344388,-0.017413037315527246,0.26958214492566873,0.4094543441710592,True,False,False,True,False,False,False,False,False,True,False,True,False,True,96.0
-0.33095451297642275,0.18796871261627954,0.26958214492566873,0.4094543441710592,True,False,False,True,False,False,False,False,False,True,False,False,False,False,135.0
0.4344462971077649,0.2048309252543589,0.26958214492566873,0.4094543441710592,True,False,False,True,True,False,False,False,False,True,False,False,True,True,180.0
-0.33241582126890423,0.41021267518616567,0.26958214492566873,0.4094543441710592,True,False,False,True,False,True,False,False,True,True,False,False,True,True,144.0
-0.4715648442307516,0.7262105400237732,0.26958214492566873,0.4094543441710592,True,False,False,True,False,False,False,False,False,True,False,False,True,True,120.0
-0.3856723901504514,-0.5539686434592129,0.26958214492566873,0.4094543441710592,True,False,False,True,False,False,True,False,False,True,False,False,True,True,99.0
-0.4538667771329204,0.6091867843155023,-2.5140102352370475,-2.4422747352320835,True,False,False,True,False,False,False,False,True,False,True,False,False,False,165.0
-0.20106044253362468,-0.5539686434592129,0.26958214492566873,-2.4422747352320835,False,False,True,False,False,False,False,False,False,True,False,True,False,False,116.0
0.052232994829831556,0.9956686979802816,0.26958214492566873,0.4094543441710592,True,False,False,True,False,False,False,False,False,True,False,True,False,False,258.0
-0.3579075325933033,0.20617990226540525,-2.5140102352370475,-2.4422747352320835,True,False,True,False,False,False,False,False,True,True,False,False,True,False,126.0
0.8679677572106034,-0.5539686434592129,0.26958214492566873,0.4094543441710592,True,False,False,True,True,False,False,False,False,True,False,False,True,True,312.0
0.2753260608153372,-0.5539686434592129,-4.369738488678858,0.4094543441710592,True,False,False,True,False,False,True,False,True,False,True,False,True,True,125.0
-0.179303185734456,-0.5539686434592129,0.26958214492566873,-2.4422747352320835,False,False,True,False,False,False,False,False,False,True,False,True,False,False,136.0
-0.35660859188887534,0.4800222355078143,0.26958214492566873,0.4094543441710592,True,False,False,True,False,False,False,False,False,True,False,False,True,True,172.0
-0.5730445867641877,0.0783643304687636,0.26958214492566873,0.4094543441710592,True,False,False,True,False,True,False,False,True,False,True,True,False,True,97.0
-0.3091972561772541,-0.5539686434592129,-0.6582819817952367,0.4094543441710592,True,False,True,False,False,False,False,False,False,True,False,True,False,True,81.0
-0.1054259331701146,-0.5539686434592129,0.26958214492566873,-2.4422747352320835,True,False,False,True,False,False,True,False,True,True,False,True,False,False,95.0
-0.02245609567477733,0.04430266093984326,0.26958214492566873,0.4094543441710592,True,False,False,True,False,False,True,False,False,False,True,True,False,True,187.0
-0.2686053591638797,-0.5539686434592129,2.1253103983674797,0.4094543441710592,True,False,True,False,False,False,False,False,False,True,False,False,True,False,113.0
-0.2686053591638797,1.0479415571583277,0.26958214492566873,0.4094543441710592,True,False,True,False,False,False,False,False,False,True,False,False,True,False,176.0
-0.715116226310998,0.4651834883863044,0.26958214492566873,0.4094543441710592,True,False,False,True,True,False,False,False,False,False,True,False,True,False,110.0
-0.36326566299906876,0.795008367587137,-0.6582819817952367,-2.4422747352320835,True,False,False,True,False,False,True,False,False,True,False,True,False,False,180.0
-0.33631264338218814,0.17650240802238557,0.26958214492566873,0.4094543441710592,True,False,False,True,False,False,True,False,True,False,True,True,False,True,130.0
-0.2530180707107439,-0.5539686434592129,0.26958214492566873,0.4094543441710592,False,False,True,False,False,False,False,False,False,True,False,True,False,True,111.0
-0.653741278026776,0.08038779598533312,0.26958214492566873,0.4094543441710592,False,False,False,True,False,True,False,False,False,True,False,False,True,False,167.0
0.09672171395648989,0.2048309252543589,0.26958214492566873,0.4094543441710592,True,False,False,True,False,False,False,False,False,True,False,True,False,False,265.0
-0.22996187320714725,-0.5539686434592129,-1.5861461085161421,0.4094543441710592,True,False,False,True,True,False,False,False,False,True,False,False,True,True,50.0
-0.4933221010299203,0.29959656028036497,0.26958214492566873,0.4094543441710592,True,False,True,False,False,False,False,False,False,True,False,True,False,True,136.0
-0.33631264338218814,0.12051986206396204,0.26958214492566873,0.4094543441710592,True,False,False,True,False,True,False,False,True,True,False,True,False,True,99.0
-0.4715648442307516,0.16031468388982936,0.26958214492566873,0.4094543441710592,True,False,False,True,False,False,False,False,False,True,False,True,False,True,104.0
0.5133569449017646,-0.5539686434592129,0.26958214492566873,0.4094543441710592,True,False,True,False,False,False,False,False,False,True,False,False,True,True,210.0
0.047199599600173135,0.851328157798322,0.26958214492566873,0.4094543441710592,True,False,False,True,False,False,False,False,False,True,False,True,False,True,175.0
-0.39720048890224974,0.42403968954939075,0.26958214492566873,0.4094543441710592,True,False,False,True,False,False,False,False,False,True,False,True,False,True,131.0
0.1373136109698643,1.3528103616548026,-2.5140102352370475,0.4094543441710592,True,False,False,True,False,True,False,False,False,True,False,True,False,True,188.0
-0.346054698665398,0.05981589656687629,0.26958214492566873,0.4094543441710592,True,False,False,True,False,True,False,False,True,True,False,False,True,True,81.0
-0.2064185729393901,-0.5539686434592129,0.26958214492566873,0.4094543441710592,True,False,True,False,False,False,False,False,False,True,False,True,False,True,122.0
-0.28971314561083433,-0.5539686434592129,-3.4418743619579533,0.4094543441710592,True,False,True,False,False,False,False,False,True,True,False,True,False,True,25.0
-0.4741627256396076,0.22236762639796145,0.26958214492566873,0.4094543441710592,False,False,False,True,False,False,False,False,False,True,False,True,False,True,137.0
-0.5564830927827309,-0.2177361234559102,0.26958214492566873,0.4094543441710592,True,False,False,True,False,False,False,False,False,True,False,True,False,True,50.0
-0.19748835559644773,-0.5539686434592129,-2.5140102352370475,0.4094543441710592,True,False,False,True,False,False,False,False,True,True,False,True,False,True,115.0
-0.5918792269783933,0.6402132555695683,0.26958214492566873,0.4094543441710592,True,False,False,True,False,False,False,False,False,True,False,True,False,True,131.0
-0.18125159679109798,0.546459353301847,-2.5140102352370475,0.4094543441710592,True,False,False,True,False,True,False,False,True,True,False,False,True,True,133.0
-0.0911375854214068,0.729582982551389,0.26958214492566873,0.4094543441710592,True,False,True,False,False,False,False,False,False,True,False,True,False,True,151.0
-0.2578890983523488,-0.29968647687697597,0.26958214492566873,0.4094543441710592,True,False,False,False,False,False,False,True,False,True,False,False,True,True,160.0
-0.381937935625221,-0.20660706311477783,0.26958214492566873,0.4094543441710592,True,False,False,True,True,False,False,False,False,True,False,False,True,True,100.0
0.9762669384422863,-0.17423161484966543,0.26958214492566873,0.4094543441710592,True,False,False,True,False,True,False,False,False,True,False,False,True,True,225.0
0.31315770883180216,-0.5539686434592129,0.26958214492566873,0.4094543441710592,True,False,True,False,False,False,False,False,True,False,False,False,False,False,120.0
-0.2604869797612048,0.660110666482502,0.26958214492566873,-2.4422747352320835,True,False,False,True,False,True,False,False,False,True,False,False,True,False,216.0
-0.5412205395057021,-0.29968647687697597,2.1253103983674797,0.4094543441710592,True,False,False,True,False,False,True,False,True,True,False,True,False,True,94.0
-0.014337716272102452,-0.5539686434592129,0.26958214492566873,0.4094543441710592,True,False,True,False,False,False,False,False,False,True,False,False,True,True,136.0
-0.40190914895580115,0.23282219823357067,0.26958214492566873,0.4094543441710592,False,False,False,True,False,False,False,False,False,False,False,True,False,True,139.0
-0.29750678983740225,0.8334542124019579,0.26958214492566873,-2.4422747352320835,True,False,False,True,False,False,False,False,True,True,False,False,False,False,152.0
-0.05752749469433281,-0.5539686434592129,0.26958214492566873,0.4094543441710592,True,False,True,False,False,False,False,False,False,False,False,True,False,True,118.0
1.4903227222196598,-0.5539686434592129,-2.5140102352370475,0.4094543441710592,True,False,False,True,True,False,False,False,False,True,False,False,False,True,185.0
-0.36326566299906876,0.2159599855954913,0.26958214492566873,0.4094543441710592,False,False,False,True,False,False,False,False,False,True,False,True,False,True,154.0
-0.5180019744140519,-0.08250117809851362,0.26958214492566873,0.4094543441710592,True,False,False,True,True,False,False,False,False,True,False,False,True,True,85.0
0.02657891591737894,0.16840854595610746,0.26958214492566873,0.4094543441710592,True,False,False,True,False,False,False,False,False,True,False,False,False,False,175.0
0.8124380420963072,-0.5539686434592129,0.26958214492566873,0.4094543441710592,False,False,True,False,False,False,False,False,False,True,False,False,True,True,259.0
0.0426533071346752,0.34546177865594085,0.26958214492566873,0.4094543441710592,True,False,False,True,False,False,False,True,False,True,False,False,False,True,180.0
-0.20106044253362468,-0.5539686434592129,0.26958214492566873,0.4094543441710592,False,False,True,False,False,False,False,False,False,True,False,True,False,True,44.0
-0.5305042786941713,2.4744847463398427,0.26958214492566873,-2.4422747352320835,False,False,True,False,False,False,False,False,False,True,False,True,False,True,137.0
-0.39736285649030323,-0.5539686434592129,0.26958214492566873,0.4094543441710592,True,False,False,True,False,True,False,False,False,True,False,True,False,True,81.0
-0.179303185734456,0.12524128160262427,0.26958214492566873,0.4094543441710592,True,False,False,True,False,False,False,False,True,True,False,False,False,True,194.0
-0.2780226792709825,-0.5539686434592129,0.26958214492566873,0.4094543441710592,False,False,True,False,False,False,False,False,False,True,False,False,False,True,93.0
2.9873518840729076,-0.5539686434592129,0.26958214492566873,0.4094543441710592,False,True,False,True,False,False,True,False,False,True,False,False,False,True,370.0
0.8294866388419245,0.7444217296728989,-2.5140102352370475,-2.4422747352320835,True,False,False,True,True,False,False,False,False,False,True,False,True,False,160.0
0.1097111210007697,0.3124118418853053,0.26958214492566873,0.4094543441710592,True,False,False,True,False,False,False,False,False,True,False,False,False,False,182.0
2.3968209663223368,-0.5539686434592129,2.1253103983674797,0.4094543441710592,True,False,True,False,False,False,False,False,False,False,True,False,True,True,650.0
-0.5504754920247514,0.09657552011788932,0.26958214492566873,0.4094543441710592,True,False,True,False,False,False,False,False,False,True,False,False,True,True,74.0
-0.43616871003508917,-0.5539686434592129,0.26958214492566873,0.4094543441710592,True,False,True,False,False,False,False,False,False,True,False,True,False,True,70.0
-0.31585432728744745,-0.5539686434592129,-3.4418743619579533,0.4094543441710592,True,False,False,True,False,False,False,False,False,False,True,True,False,True,25.0
-0.08269447084262493,-0.5539686434592129,0.26958214492566873,0.4094543441710592,True,False,True,False,False,False,False,False,False,True,False,True,False,True,102.0
-0.22801346215050527,2.05967431544309,0.26958214492566873,0.4094543441710592,True,False,False,True,False,False,True,False,False,True,False,True,False,False,290.0
-0.1333531583153162,-0.5539686434592129,0.26958214492566873,0.4094543441710592,False,False,False,True,False,False,False,False,False,True,False,False,False,False,84.0
-0.3390728923790976,0.6263862412063432,0.26958214492566873,0.4094543441710592,True,False,False,True,False,True,False,False,False,False,True,False,True,True,88.0
1.5578676388499149,-0.5539686434592129,0.26958214492566873,-2.4422747352320835,True,False,True,False,False,False,False,False,False,True,False,True,False,False,242.0
-0.19553994453980575,-0.07170936201014283,0.26958214492566873,0.4094543441710592,True,False,False,True,False,True,False,False,True,True,False,False,False,False,129.0
-0.05882643539876079,0.1485111350431738,0.26958214492566873,0.4094543441710592,True,False,False,True,False,True,False,False,False,True,False,False,False,False,185.0
0.002061410121300804,-0.5539686434592129,0.26958214492566873,0.4094543441710592,True,False,True,False,False,False,False,False,False,True,False,False,True,True,168.0
0.2509709226073126,-0.5539686434592129,-2.5140102352370475,0.4094543441710592,True,False,True,False,False,False,False,False,False,False,True,True,False,True,175.0
-0.4394160617961591,0.131986166657856,0.26958214492566873,0.4094543441710592,True,False,False,True,False,False,False,False,False,True,False,True,False,True,122.0
1.0314719183804755,-0.5539686434592129,-2.5140102352370475,0.4094543441710592,True,False,False,True,False,True,False,False,False,True,False,False,True,True,187.0
-0.4991673341998462,0.9589090744292685,0.26958214492566873,0.4094543441710592,False,False,False,True,False,False,False,False,False,True,False,True,False,True,100.0
1.5362727496387996,-0.5539686434592129,0.26958214492566873,0.4094543441710592,False,False,False,True,False,True,False,False,False,True,False,False,True,True,70.0
-0.6277624639382163,-0.07339558327395077,0.26958214492566873,0.4094543441710592,True,False,False,True,True,False,False,False,False,True,False,False,True,True,30.0
0.7461920661704802,0.007880281641591816,0.26958214492566873,0.4094543441710592,False,False,True,False,False,False,False,False,False,True,False,False,False,False,225.0
-0.08837733642449735,-0.2740559136670953,0.26958214492566873,0.4094543441710592,True,False,False,True,False,False,False,False,False,True,False,True,False,True,125.0
0.14169753584730874,-0.5539686434592129,0.26958214492566873,-2.4422747352320835,True,False,True,False,False,False,False,False,False,True,False,False,False,False,118.0
-0.45906253995063234,0.7106973043967402,0.26958214492566873,0.4094543441710592,True,False,False,True,False,False,False,False,False,False,True,False,False,True,152.0
0.6107774977338633,-0.5539686434592129,0.26958214492566873,0.4094543441710592,True,False,True,False,False,False,False,False,False,True,False,False,True,False,244.0
-0.5071233460144676,-0.5539686434592129,0.26958214492566873,0.4094543441710592,True,False,False,True,False,True,False,False,True,True,False,False,False,False,113.0
-0.34913968283841446,-0.5539686434592129,0.26958214492566873,0.4094543441710592,True,False,True,False,False,False,False,False,False,True,False,False,True,True,50.0
5.617057340187355,-0.5539686434592129,-2.5140102352370475,-2.4422747352320835,True,False,False,True,False,False,True,False,False,True,False,True,False,True,600.0
0.09672171395648989,-0.5539686434592129,0.26958214492566873,0.4094543441710592,True,False,False,True,True,False,False,False,False,True,False,False,False,True,160.0
0.6711782404897644,-0.5539686434592129,0.26958214492566873,0.4094543441710592,True,False,False,True,True,False,False,False,False,True,False,False,True,True,187.0
-0.3936284019650728,0.1485111350431738,0.26958214492566873,0.4094543441710592,True,False,True,False,False,False,False,False,False,False,False,False,False,True,120.0
-0.1333531583153162,1.3430302783247166,0.26958214492566873,0.4094543441710592,True,False,False,True,False,False,False,False,False,True,False,True,False,True,255.0
-0.5749929978208296,-0.20289737633440036,0.26958214492566873,0.4094543441710592,True,False,False,True,False,False,False,False,True,True,False,True,False,True,98.0
0.4105782616639007,-0.5539686434592129,0.26958214492566873,0.4094543441710592,True,False,False,True,False,False,False,False,False,True,False,False,True,False,275.0
-0.3759303348672416,-0.12229599992438095,0.26958214492566873,-2.4422747352320835,True,False,False,True,True,False,False,False,False,True,False,True,False,False,121.0
-0.2008980749455712,-0.06597620971319584,0.26958214492566873,0.4094543441710592,True,False,False,True,False,True,False,False,False,True,False,False,False,True,158.0
0.6362692090582623,-0.5539686434592129,-2.5140102352370475,0.4094543441710592,True,False,False,True,False,False,False,False,False,True,False,False,True,True,75.0
-0.2755871654501801,0.513746660783973,0.26958214492566873,0.4094543441710592,True,False,False,True,False,False,False,False,False,True,False,False,False,True,182.0
-0.1333531583153162,-0.5539686434592129,0.26958214492566873,0.4094543441710592,False,False,False,True,False,False,False,False,False,True,False,False,False,False,112.0
-0.481469267102015,0.5700664509951582,0.26958214492566873,0.4094543441710592,True,False,False,True,False,False,False,False,False,True,False,False,False,True,129.0
-0.5142675198888215,-0.5539686434592129,2.1253103983674797,-2.4422747352320835,True,False,True,False,False,False,False,False,False,True,False,True,False,False,63.0
0.4214568900634851,-0.5539686434592129,0.26958214492566873,0.4094543441710592,True,False,False,True,False,True,False,False,False,True,False,True,False,True,200.0
-0.58197480410713,0.042616439676035324,0.26958214492566873,0.4094543441710592,True,False,False,True,False,False,False,False,True,False,False,False,False,True,95.0
7.5271496460486995,-0.5539686434592129,-0.6582819817952367,0.4094543441710592,False,True,False,True,False,False,True,False,False,True,False,False,True,True,700.0
-0.3056251692400771,-0.5539686434592129,-2.5140102352370475,0.4094543441710592,True,False,False,True,False,False,True,False,True,True,False,False,False,False,81.0
0.0493103782448686,1.3430302783247166,0.26958214492566873,0.4094543441710592,True,False,False,True,False,False,False,False,False,True,False,True,False,True,187.0
-0.1721590118601021,-0.30575687342668456,0.26958214492566873,0.4094543441710592,True,False,False,True,False,False,False,False,True,False,True,True,False,False,87.0
-0.30968435894141455,0.10837906896454488,0.26958214492566873,0.4094543441710592,True,False,False,True,False,False,False,False,False,True,False,False,False,True,116.0
-0.545442096795093,-0.007970198238202796,0.26958214492566873,0.4094543441710592,True,False,False,True,False,True,False,False,False,True,False,False,False,True,101.0
0.018135801338597064,3.2568914127467257,0.26958214492566873,-2.4422747352320835,True,False,False,True,False,False,True,False,False,True,False,True,False,False,495.0
-0.2686053591638797,-0.5539686434592129,0.26958214492566873,0.4094543441710592,True,False,False,True,True,False,False,False,False,True,False,True,False,True,116.0
-0.49868023143568574,-0.0646272327021495,2.1253103983674797,-2.4422747352320835,True,False,True,False,False,False,False,False,True,True,False,False,True,False,102.0
0.16166874917788893,1.8910521890622962,0.26958214492566873,-2.4422747352320835,True,False,False,True,True,False,False,False,False,True,False,False,True,False,180.0
-0.5663875156539943,1.1534990082727046,0.26958214492566873,0.4094543441710592,True,False,True,False,False,False,False,False,False,True,False,False,False,False,67.0
-0.13059290931840672,-0.5539686434592129,-2.5140102352370475,0.4094543441710592,True,False,False,True,False,False,False,False,False,True,False,True,False,True,73.0
4.618009570894183,-0.5539686434592129,0.26958214492566873,0.4094543441710592,True,False,False,True,True,False,False,False,False,True,False,True,False,False,260.0
-0.2889013076705669,-0.5539686434592129,0.26958214492566873,0.4094543441710592,False,False,False,True,False,False,False,False,False,True,False,True,False,True,108.0
5.4787201551657745,1.0479415571583277,0.26958214492566873,0.4094543441710592,True,False,False,True,False,False,False,False,False,False,True,True,False,True,120.0
-0.5238472075839778,-0.5539686434592129,-0.6582819817952367,-2.4422747352320835,True,False,False,True,True,False,False,False,False,False,True,False,False,False,66.0
-0.49056185203301084,0.1670595689450611,0.26958214492566873,0.4094543441710592,True,False,False,True,False,False,False,False,False,True,False,False,False,True,58.0
-0.7680480600164382,1.2320769191661545,0.26958214492566873,0.4094543441710592,False,True,False,True,False,False,False,False,False,False,True,False,False,True,168.0
0.6370810469985299,-0.5539686434592129,-2.5140102352370475,0.4094543441710592,True,False,False,True,False,False,False,False,False,True,False,False,False,True,188.0
-0.0843181467231599,-0.5539686434592129,0.26958214492566873,0.4094543441710592,True,False,True,False,False,False,False,False,True,True,False,False,False,True,48.0
1.0709272422774754,-0.5539686434592129,0.26958214492566873,0.4094543441710592,True,False,True,False,False,False,False,False,False,True,False,True,False,False,164.0
0.10207984436225531,-0.5539686434592129,0.26958214492566873,0.4094543441710592,True,False,False,True,False,False,False,False,True,True,False,False,True,False,160.0
-0.25106965965410194,-0.5539686434592129,0.26958214492566873,0.4094543441710592,True,False,True,False,False,False,False,False,False,True,False,True,False,True,76.0
-0.19700125283228723,-0.5539686434592129,0.26958214492566873,0.4094543441710592,True,False,True,False,False,False,False,False,False,True,False,False,False,True,120.0
-0.3700851016973157,0.3171332614239675,0.26958214492566873,0.4094543441710592,True,False,False,True,True,False,False,False,False,True,False,True,False,False,170.0
0.47552529688529976,0.7106973043967402,0.26958214492566873,0.4094543441710592,True,False,True,False,False,False,False,False,False,True,False,False,False,True,187.0
-0.5678488239464757,0.24361401432194146,0.26958214492566873,0.4094543441710592,False,False,True,False,False,False,False,False,True,True,False,False,True,True,120.0
-0.32283613357374785,0.3957111723174174,0.26958214492566873,0.4094543441710592,False,False,False,True,False,False,False,False,False,True,False,True,False,True,113.0
0.9085596542239778,-0.5539686434592129,0.26958214492566873,0.4094543441710592,True,False,True,False,False,False,False,False,False,False,True,False,True,False,83.0
-0.4553280854254019,0.28914198844475575,0.26958214492566873,0.4094543441710592,True,False,False,True,True,False,False,False,True,True,False,True,False,True,90.0
-0.078148178377127,-0.5539686434592129,0.26958214492566873,-2.4422747352320835,True,False,True,False,False,True,False,False,False,True,False,True,False,True,166.0
-0.3091972561772541,-0.1887331177184137,0.26958214492566873,0.4094543441710592,True,False,False,True,True,False,False,False,True,True,False,False,True,True,135.0
-0.24148997195894556,-0.5539686434592129,0.26958214492566873,0.4094543441710592,True,False,False,True,False,True,False,False,True,True,False,True,False,True,124.0
-0.16176748622467826,-0.5539686434592129,0.26958214492566873,0.4094543441710592,False,False,True,False,False,False,False,False,True,True,False,True,False,True,120.0
-0.3507633587189494,-0.5539686434592129,0.26958214492566873,0.4094543441710592,False,False,True,False,False,False,False,False,False,True,False,False,True,True,80.0
-0.2320726518518427,0.29959656028036497,0.26958214492566873,0.4094543441710592,True,False,True,False,False,False,False,False,True,True,False,False,False,True,55.0
-0.4749745635798751,-0.5539686434592129,0.26958214492566873,0.4094543441710592,True,False,True,False,False,False,False,False,False,True,False,False,True,True,59.0
-0.32251139839764087,-0.5539686434592129,0.26958214492566873,0.4094543441710592,True,False,True,False,False,False,False,False,False,True,False,True,False,False,127.0
0.7461920661704802,-0.5539686434592129,0.26958214492566873,0.4094543441710592,False,False,True,False,False,False,False,False,False,True,False,True,False,False,214.0
-0.3205629873409989,-0.1324133275072286,0.26958214492566873,-2.4422747352320835,True,False,False,True,False,False,True,False,False,True,False,True,False,False,128.0
0.3868725938080901,-0.5539686434592129,0.26958214492566873,0.4094543441710592,True,False,False,True,True,False,False,False,False,False,True,False,True,True,240.0
0.048498540304601115,-0.5539686434592129,0.26958214492566873,0.4094543441710592,True,False,False,True,False,False,True,False,True,False,True,False,False,True,130.0
-0.36229145747074776,0.46484624413354286,0.26958214492566873,0.4094543441710592,True,False,False,True,False,False,False,False,False,True,False,False,True,True,137.0
-0.2523686003585299,-0.22245754299457243,0.26958214492566873,0.4094543441710592,True,False,False,True,False,False,True,False,True,True,False,True,False,True,100.0
-0.8531286761564709,0.05307101151164454,0.26958214492566873,0.4094543441710592,True,False,False,True,False,False,False,False,False,True,False,False,False,False,135.0
-0.2723398136891101,0.04463990519260485,0.26958214492566873,0.4094543441710592,True,False,False,True,False,False,False,False,False,True,False,True,False,True,131.0
-0.06564587409700769,-0.5539686434592129,0.26958214492566873,-2.4422747352320835,True,False,False,True,False,True,False,False,False,False,False,True,False,False,72.0
-0.18206343473136546,0.24968441087165003,0.26958214492566873,0.4094543441710592,False,False,False,True,False,True,False,False,False,True,False,True,False,True,127.0
-0.5168654012976774,-0.5539686434592129,0.26958214492566873,-2.4422747352320835,True,False,False,True,False,False,False,False,False,True,False,False,True,False,60.0
-0.2265521538580238,0.025079738532432776,0.26958214492566873,0.4094543441710592,True,False,False,True,False,True,False,False,False,True,False,True,False,True,116.0
-0.3950897102575543,0.3872800659983777,0.26958214492566873,0.4094543441710592,True,False,True,False,False,False,False,False,False,True,False,True,False,True,144.0
0.3529377679049091,-0.21335194817000958,0.26958214492566873,0.4094543441710592,True,False,False,True,False,False,False,False,False,True,False,True,False,True,175.0
0.1373136109698643,-0.5539686434592129,0.26958214492566873,0.4094543441710592,True,False,False,True,False,False,False,False,False,True,False,True,False,True,128.0
-0.3497891531906285,-0.5539686434592129,0.26958214492566873,0.4094543441710592,True,False,False,True,False,False,False,False,False,True,False,False,False,False,170.0
-0.10867328493118454,-0.5539686434592129,0.26958214492566873,0.4094543441710592,True,False,False,True,False,False,False,True,True,False,True,False,True,False,138.0
0.1373136109698643,0.01766036497167785,0.26958214492566873,0.4094543441710592,True,False,False,True,False,True,False,False,False,True,False,True,False,True,210.0
-0.1049388304059541,-0.5539686434592129,2.1253103983674797,0.4094543441710592,True,False,False,False,False,False,False,True,False,True,False,True,False,True,158.0
0.16166874917788893,-0.5539686434592129,0.26958214492566873,0.4094543441710592,True,False,True,False,False,False,False,False,False,False,True,False,False,True,200.0
-0.4730261525232331,0.13873105171308775,0.26958214492566873,0.4094543441710592,True,False,False,True,True,False,False,False,False,True,False,True,False,True,104.0
-0.2741258571576986,-0.5539686434592129,-2.5140102352370475,0.4094543441710592,True,False,False,True,False,False,False,False,False,False,False,False,False,True,42.0
-0.3596935760618918,0.32219192521539136,0.26958214492566873,0.4094543441710592,True,False,True,False,False,False,False,False,True,True,False,False,False,True,120.0
0.47552529688529976,-0.5539686434592129,0.26958214492566873,0.4094543441710592,False,False,True,False,False,False,False,False,False,True,False,True,False,True,280.0
-0.3652140740557107,0.0459888822036512,0.26958214492566873,0.4094543441710592,True,False,False,True,True,False,False,False,False,True,False,True,False,True,140.0
0.015537919929741104,-0.1290408849796127,0.26958214492566873,0.4094543441710592,True,False,False,True,True,False,False,False,False,True,False,False,False,True,170.0
0.05548034659090151,-0.5539686434592129,0.26958214492566873,0.4094543441710592,True,False,False,True,False,False,False,False,False,False,False,False,True,False,255.0
-0.3152048569352335,-0.5539686434592129,0.26958214492566873,0.4094543441710592,False,False,True,False,False,False,False,False,False,False,True,False,True,True,122.0
-0.2585385687045628,-0.5539686434592129,0.26958214492566873,0.4094543441710592,False,False,True,False,True,False,False,False,False,True,False,False,False,True,112.0
-0.3392352599671511,-0.5539686434592129,0.26958214492566873,0.4094543441710592,True,False,False,True,True,False,False,False,False,True,False,True,False,True,96.0
0.06733318051880684,1.1322526203487244,0.26958214492566873,0.4094543441710592,True,False,False,True,False,True,False,False,False,True,False,False,False,True,120.0
-0.46994116835021665,0.11478670976701505,-2.5140102352370475,0.4094543441710592,True,False,False,True,True,False,False,False,True,True,False,False,True,False,140.0
-0.39606391578587524,1.3686608415345973,-4.369738488678858,0.4094543441710592,True,False,True,False,False,False,False,False,False,True,False,False,True,True,155.0
0.1373136109698643,-0.11555111486914921,0.26958214492566873,0.4094543441710592,True,False,False,True,False,True,False,False,False,False,True,False,False,True,108.0
-0.3244598094542828,0.935639220988719,0.26958214492566873,0.4094543441710592,True,False,False,True,False,False,False,False,True,True,False,True,False,True,123.0
0.10484009335916478,0.9073107037567456,-2.5140102352370475,0.4094543441710592,True,False,True,False,False,False,False,False,False,False,True,False,True,False,120.0
0.6979688925185914,-0.5539686434592129,0.26958214492566873,0.4094543441710592,True,False,False,True,False,True,False,False,False,True,False,False,True,True,112.0
0.1954412074930164,-0.5539686434592129,-2.5140102352370475,0.4094543441710592,True,False,False,True,True,False,False,False,True,True,False,False,True,True,137.0
-0.4095404255943156,0.0675725143803928,2.1253103983674797,0.4094543441710592,True,False,False,True,True,False,False,False,False,True,False,True,False,True,123.0
-0.5837608475757184,0.07600362069943249,0.26958214492566873,0.4094543441710592,True,False,False,True,False,False,False,False,False,True,False,False,True,True,90.0
-0.6066546774912617,0.7579114997833624,0.26958214492566873,-2.4422747352320835,True,False,False,True,False,False,False,False,True,True,False,True,False,False,201.0
-0.3210500901051594,-0.5539686434592129,0.26958214492566873,0.4094543441710592,False,False,True,False,False,True,False,False,False,True,False,False,True,False,138.0
-0.45808833442231134,0.17683965227514714,0.26958214492566873,0.4094543441710592,True,False,True,False,False,False,False,False,True,False,True,False,False,True,104.0
-0.4454236625541385,1.8408027954008197,-2.5140102352370475,0.4094543441710592,True,False,False,True,True,False,False,False,True,True,False,True,False,True,279.0
1.7609894915048403,-0.5539686434592129,0.26958214492566873,-2.4422747352320835,True,False,True,False,False,False,False,False,False,False,True,False,True,False,192.0
-0.37690454039556254,-0.5539686434592129,0.26958214492566873,0.4094543441710592,False,False,True,False,False,False,True,False,False,True,False,False,False,True,255.0
0.10402825541889729,-0.5539686434592129,0.26958214492566873,-2.4422747352320835,True,False,True,False,False,False,False,False,True,True,False,False,False,False,115.0
-0.025053977083633293,-0.5539686434592129,0.26958214492566873,0.4094543441710592,True,False,False,True,False,False,True,False,False,True,False,False,True,False,94.0
1.5065594810250096,0.15424428734012077,0.26958214492566873,0.4094543441710592,True,False,False,True,False,False,False,False,False,True,False,False,False,False,304.0
-0.07684923767269902,-0.5539686434592129,0.26958214492566873,0.4094543441710592,True,False,False,True,False,False,True,False,True,True,False,True,False,False,128.0
0.1101982237649302,0.8793194307775338,0.26958214492566873,0.4094543441710592,True,False,False,True,True,False,False,False,False,True,False,False,True,True,330.0
-0.5430065829742906,0.1910039108911338,0.26958214492566873,0.4094543441710592,True,False,True,False,False,False,False,False,False,True,False,True,False,True,134.0
-0.3122822403502705,-0.5539686434592129,-4.74088413936722,0.4094543441710592,False,False,True,False,True,False,False,False,False,True,False,True,False,False,155.0
0.291562819620687,-0.5539686434592129,0.26958214492566873,0.4094543441710592,False,False,True,False,False,False,False,False,False,True,False,False,False,True,120.0
-0.03869285448012709,-0.5539686434592129,0.26958214492566873,0.4094543441710592,True,False,True,False,False,False,False,False,False,False,True,True,False,True,128.0
-0.212588541285423,0.6085122958099791,0.26958214492566873,0.4094543441710592,True,False,True,False,False,False,False,False,False,True,False,False,False,True,151.0
-0.11305720980862898,-0.0862108648788911,0.26958214492566873,0.4094543441710592,True,False,False,True,False,True,False,False,False,True,False,True,False,True,150.0
-0.17394505532869056,0.056780698292022,0.26958214492566873,-2.4422747352320835,True,False,False,True,False,False,True,False,False,True,False,False,True,True,160.0
-0.32251139839764087,-0.5539686434592129,0.26958214492566873,0.4094543441710592,False,False,True,False,False,False,False,False,False,False,False,False,False,False,135.0
-0.41051463112263653,-0.02786760915113646,0.26958214492566873,0.4094543441710592,False,False,True,False,True,False,False,False,False,True,False,False,True,True,90.0
-0.3518999318353239,-0.5539686434592129,0.26958214492566873,0.4094543441710592,False,False,True,False,False,False,False,False,False,True,False,False,True,True,30.0
0.9322653220797884,-0.5539686434592129,0.26958214492566873,0.4094543441710592,True,False,False,True,False,False,False,False,False,True,False,False,True,True,136.0
-0.41749643740893694,0.07229393391905502,0.26958214492566873,0.4094543441710592,True,False,True,False,False,False,False,False,False,True,False,False,False,True,126.0
-0.45208073366433194,0.19572533042979604,0.26958214492566873,0.4094543441710592,True,False,False,True,False,False,False,False,False,True,False,True,False,True,150.0
-0.24425022095585502,-0.5539686434592129,0.26958214492566873,0.4094543441710592,True,False,False,True,False,True,False,False,False,True,False,True,False,True,90.0
-0.4309729472173772,0.06723527012763121,0.26958214492566873,0.4094543441710592,True,False,False,True,True,False,False,False,False,True,False,True,False,True,115.0
-0.22915003526687974,0.5501690400822244,0.26958214492566873,0.4094543441710592,True,False,False,True,False,False,False,False,False,True,False,True,False,True,207.0
-0.3736571886344926,-0.11555111486914921,0.26958214492566873,0.4094543441710592,True,False,False,True,False,False,False,False,False,True,False,False,True,True,80.0
1.4903227222196598,-0.5539686434592129,0.26958214492566873,0.4094543441710592,True,False,False,True,False,False,False,False,False,True,False,True,False,True,436.0
-0.21177670334515553,-0.5539686434592129,0.26958214492566873,0.4094543441710592,False,False,False,True,False,False,False,False,True,True,False,False,False,True,124.0
-0.2194079799836699,0.2641859137403983,0.26958214492566873,-2.4422747352320835,True,False,True,False,True,False,False,False,True,False,True,False,True,False,158.0
-0.2398662960784106,-0.2841732412499429,0.26958214492566873,0.4094543441710592,True,False,False,True,False,False,False,False,False,True,False,True,False,True,112.0
-0.5038759942533977,-0.22151326320121986,-2.5140102352370475,0.4094543441710592,True,False,False,True,False,True,False,False,False,True,False,False,True,True,78.0
-0.5834361123996115,0.007880281641591816,0.26958214492566873,0.4094543441710592,False,False,True,False,False,False,False,False,False,True,False,False,True,True,54.0
-0.36472697129155024,0.47563806022191363,0.26958214492566873,0.4094543441710592,True,False,True,False,False,False,False,False,False,True,False,False,False,True,89.0
-0.4553280854254019,0.025079738532432776,-0.6582819817952367,0.4094543441710592,False,False,True,False,False,False,False,False,False,False,True,True,False,False,99.0
-0.27607426821434056,0.12051986206396204,0.26958214492566873,0.4094543441710592,True,False,False,True,False,False,False,False,False,True,False,False,False,True,120.0
-0.20787988123187157,-0.5539686434592129,0.26958214492566873,0.4094543441710592,False,False,True,False,False,False,False,False,False,True,False,True,False,True,115.0
0.6663072128481594,-0.5539686434592129,0.26958214492566873,0.4094543441710592,True,False,True,False,False,False,False,False,False,True,False,False,False,True,187.0
-0.3782034810999905,0.2608134712127824,0.26958214492566873,0.4094543441710592,True,False,False,True,False,False,False,False,False,True,False,False,False,True,139.0
-0.16306642692910625,-0.5539686434592129,0.26958214492566873,-2.4422747352320835,True,False,False,True,False,True,False,False,False,True,False,True,False,False,127.0
-0.3655388092318177,-0.02786760915113646,0.26958214492566873,0.4094543441710592,True,False,False,True,False,True,False,False,False,True,False,False,True,True,134.0
0.002061410121300804,-0.5539686434592129,2.1253103983674797,-2.4422747352320835,False,False,True,False,False,False,False,True,False,True,False,False,True,False,143.0
-0.49056185203301084,0.5704036952479198,0.26958214492566873,0.4094543441710592,True,False,False,True,False,False,False,False,False,True,False,True,False,True,172.0
-0.16046854552025028,-0.1324133275072286,0.26958214492566873,0.4094543441710592,True,False,False,True,False,False,True,False,False,False,False,False,True,True,110.0
0.23879335350330028,-0.5539686434592129,0.26958214492566873,0.4094543441710592,True,False,False,True,True,False,False,False,False,True,False,True,False,True,200.0
-0.11987664850687588,-0.5539686434592129,0.26958214492566873,0.4094543441710592,False,False,False,True,True,False,False,False,False,True,False,False,True,True,135.0
-0.06564587409700769,0.30296900280798084,2.1253103983674797,0.4094543441710592,False,False,True,False,False,False,False,False,False,True,False,False,False,False,151.0
-0.5504754920247514,0.43247079586843046,0.26958214492566873,0.4094543441710592,True,False,False,True,True,False,False,False,False,True,False,False,True,False,113.0
-0.5852221558681999,0.4355059941432847,0.26958214492566873,-2.4422747352320835,True,False,False,True,False,False,False,False,True,True,False,False,True,False,93.0
-0.4106769987106901,0.036208798873565165,0.26958214492566873,0.4094543441710592,True,False,False,True,False,False,False,True,True,True,False,True,False,True,105.0
-0.06564587409700769,-0.5539686434592129,0.26958214492566873,0.4094543441710592,False,False,True,False,False,False,False,False,False,True,False,False,False,True,132.0
-0.6136364837775621,0.054082744269929296,0.26958214492566873,0.4094543441710592,True,False,False,True,True,False,False,False,False,True,False,False,True,True,96.0
-0.22801346215050527,0.28914198844475575,0.26958214492566873,0.4094543441710592,True,False,True,False,False,False,False,False,False,True,False,False,False,True,140.0
-0.26665694810723767,0.007880281641591816,0.26958214492566873,0.4094543441710592,False,False,True,False,False,False,False,False,False,True,False,False,False,True,135.0
-0.4878016030361014,0.07431739943562454,0.26958214492566873,-2.4422747352320835,False,False,True,False,False,False,False,False,False,True,False,False,True,False,104.0
2.407699594721921,-0.5539686434592129,0.26958214492566873,0.4094543441710592,True,False,True,False,False,False,False,False,False,True,False,False,False,False,480.0
0.36738848324167034,-0.5539686434592129,0.26958214492566873,0.4094543441710592,True,False,False,True,False,True,False,False,True,True,False,False,False,True,185.0
-0.40385756001244316,-0.5539686434592129,0.26958214492566873,0.4094543441710592,False,False,True,False,False,False,False,False,False,True,False,True,False,True,84.0
-0.4022338841319082,0.25710378443240495,0.26958214492566873,0.4094543441710592,True,False,True,False,False,False,False,False,True,True,False,True,False,True,111.0
-0.4704282711143772,-0.5539686434592129,0.26958214492566873,0.4094543441710592,False,False,True,False,False,False,False,False,False,True,False,False,False,True,56.0
0.05548034659090151,-0.5539686434592129,-3.9985928379904965,0.4094543441710592,True,False,False,True,False,True,False,False,False,False,True,False,False,True,144.0
-0.47594876910819606,0.0675725143803928,0.26958214492566873,0.4094543441710592,False,True,False,True,False,False,False,False,False,True,False,False,False,False,159.0
-0.3255963825706573,-0.0008880689302094593,-2.5140102352370475,0.4094543441710592,True,False,False,True,True,False,False,False,True,True,False,False,True,True,111.0
-0.2739634895696451,-0.5539686434592129,0.26958214492566873,0.4094543441710592,True,False,False,True,False,True,False,False,False,True,False,True,False,True,120.0
-0.5433313181503976,0.16571059193401474,0.26958214492566873,0.4094543441710592,True,False,False,True,False,False,False,False,False,True,False,False,True,True,88.0
-0.30254018506706065,-0.5539686434592129,0.26958214492566873,0.4094543441710592,False,False,True,False,True,False,False,False,False,True,False,True,False,True,112.0
0.7461920661704802,-0.5539686434592129,0.26958214492566873,0.4094543441710592,True,False,False,True,True,False,False,False,False,False,True,False,False,False,155.0
-0.4878016030361014,0.17683965227514714,0.26958214492566873,0.4094543441710592,True,False,False,True,False,False,False,False,False,True,False,True,False,True,115.0
-0.17248374703620908,-0.4902294796872729,0.26958214492566873,0.4094543441710592,True,False,False,True,False,False,True,False,False,True,False,True,False,True,124.0
-0.36342803058712225,0.4527054510341257,0.26958214492566873,0.4094543441710592,False,False,True,False,False,False,False,False,False,True,False,False,False,True,132.0
1.5580300064379682,-0.5539686434592129,0.26958214492566873,0.4094543441710592,True,False,False,True,False,False,True,False,False,True,False,False,False,True,300.0
0.5295937037071144,1.1265194680517774,0.26958214492566873,-2.4422747352320835,True,False,False,True,True,False,False,False,False,False,True,False,False,False,376.0
-0.07912238390544798,-0.5539686434592129,0.26958214492566873,-2.4422747352320835,True,False,True,False,False,False,False,False,False,True,False,False,False,True,130.0
0.06717081293075333,0.17447894250581603,0.26958214492566873,0.4094543441710592,True,False,False,True,False,False,False,False,False,False,True,True,False,True,184.0
-0.17394505532869056,0.272617020059438,0.26958214492566873,0.4094543441710592,False,False,False,True,False,False,False,False,False,True,False,False,True,False,110.0
-0.4715648442307516,-0.5539686434592129,0.26958214492566873,0.4094543441710592,False,False,True,False,False,False,False,False,False,True,False,False,True,True,67.0
-0.1656643083379622,0.050710301742313425,0.26958214492566873,0.4094543441710592,True,False,True,False,True,False,False,False,False,True,False,False,True,True,117.0
-0.4009349434274802,-0.5539686434592129,0.26958214492566873,0.4094543441710592,True,False,True,False,False,False,False,False,False,True,False,True,False,True,98.0
-0.41749643740893694,-0.5539686434592129,0.26958214492566873,0.4094543441710592,True,False,True,False,False,False,False,True,False,True,False,False,True,True,71.0
9.406392110179882,-0.5539686434592129,-2.5140102352370475,0.4094543441710592,True,False,False,True,False,False,False,False,False,False,False,False,True,True,490.0
0.7190766789655462,0.06420007185277693,-2.5140102352370475,0.4094543441710592,False,True,False,True,True,False,False,False,False,False,True,False,True,True,182.0
0.016025022693901596,0.9602580514403148,0.26958214492566873,0.4094543441710592,True,False,False,True,False,False,False,True,False,False,True,True,False,True,70.0
-0.025053977083633293,-0.32194459755924076,0.26958214492566873,0.4094543441710592,True,False,False,True,True,False,False,False,False,False,False,False,False,True,160.0
-0.4715648442307516,0.9973549192440895,0.26958214492566873,0.4094543441710592,True,False,False,True,False,True,False,False,False,False,True,False,False,True,176.0
-0.20203464806194565,-0.5539686434592129,0.26958214492566873,0.4094543441710592,False,False,True,False,False,False,False,False,False,True,False,True,False,True,71.0
-0.4476968087868875,-0.018762014326573595,0.26958214492566873,0.4094543441710592,True,False,False,True,False,False,True,False,True,True,False,False,False,False,173.0
-0.49137368997327835,-0.5539686434592129,0.26958214492566873,0.4094543441710592,False,False,True,False,False,False,False,False,False,True,False,False,False,False,46.0
-0.1380618183688676,-0.1394954568152219,0.26958214492566873,0.4094543441710592,True,False,False,True,True,False,False,False,True,True,False,False,True,True,158.0
-0.36229145747074776,-0.5539686434592129,0.26958214492566873,0.4094543441710592,True,False,False,True,False,False,True,False,True,True,False,True,False,True,74.0
-0.45808833442231134,0.2318104654752859,0.26958214492566873,0.4094543441710592,True,False,False,True,False,True,False,False,False,False,False,False,False,True,125.0
-0.4717272118188051,0.2749777298287691,0.26958214492566873,0.4094543441710592,True,False,False,True,False,False,False,False,False,True,False,True,False,True,160.0
-0.3054628016520236,0.5353302929607147,0.26958214492566873,-2.4422747352320835,True,False,False,True,False,False,False,True,True,True,False,False,False,False,152.0
-0.37690454039556254,0.17717689652790872,0.26958214492566873,0.4094543441710592,True,False,False,True,False,True,False,False,True,True,False,False,True,True,126.0
0.1507901207783046,0.9916217669471424,0.26958214492566873,0.4094543441710592,True,False,False,True,False,False,False,False,False,True,False,True,False,True,259.0
-0.4512688957240644,1.553807936300709,0.26958214492566873,0.4094543441710592,True,False,False,True,False,False,False,False,False,True,False,False,False,True,187.0
0.597300987925423,-0.5539686434592129,0.26958214492566873,0.4094543441710592,True,False,False,True,False,False,False,False,False,True,False,True,False,True,228.0
0.5432325811036083,0.851328157798322,0.26958214492566873,0.4094543441710592,True,False,True,False,False,False,False,False,False,True,False,False,False,False,308.0
-0.44461182461387105,0.1485111350431738,0.26958214492566873,0.4094543441710592,True,False,False,True,False,False,True,False,False,True,False,False,False,True,95.0
0.015537919929741104,-0.5539686434592129,0.26958214492566873,-2.4422747352320835,False,False,False,True,False,False,False,False,False,False,True,False,False,False,105.0
-0.48406714851087096,-0.38366029581461125,0.26958214492566873,0.4094543441710592,False,False,False,True,False,False,False,False,False,True,False,True,False,True,130.0
-0.25837620111650933,-0.5539686434592129,-2.5140102352370475,0.4094543441710592,False,False,True,False,False,False,False,True,False,True,False,False,True,True,116.0
0.47552529688529976,0.5140839050367346,0.26958214492566873,0.4094543441710592,True,False,False,True,False,True,False,False,False,True,False,False,False,True,165.0
-0.24830941065719248,-0.5539686434592129,0.26958214492566873,0.4094543441710592,True,False,False,True,True,False,False,False,False,True,False,False,True,False,67.0
-0.3903810502040029,0.007880281641591816,2.1253103983674797,-2.4422747352320835,True,False,False,True,False,False,False,False,True,True,False,False,True,False,100.0
-0.03853048689207359,0.5140839050367346,0.26958214492566873,0.4094543441710592,True,False,False,True,False,False,True,False,False,True,False,True,False,True,200.0
-0.11062169598782652,-0.5539686434592129,0.26958214492566873,0.4094543441710592,False,False,True,False,True,False,False,False,False,True,False,True,False,False,81.0
-0.06564587409700769,0.6827060314175284,0.26958214492566873,0.4094543441710592,True,False,False,True,False,True,False,False,False,True,False,True,False,True,236.0
-0.10623777111038209,0.23282219823357067,0.26958214492566873,0.4094543441710592,True,False,False,True,False,False,False,False,False,True,False,False,True,True,130.0
-0.3882702715593074,0.4688931751666819,-0.6582819817952367,0.4094543441710592,True,False,False,True,False,False,False,False,False,True,False,False,True,True,95.0
0.2301878713364649,-0.5539686434592129,0.26958214492566873,0.4094543441710592,True,False,True,False,False,False,False,False,False,False,True,False,False,True,141.0
0.13179311297604537,-0.5539686434592129,0.26958214492566873,0.4094543441710592,True,False,True,False,False,False,False,False,True,True,False,False,False,False,133.0
-0.4715648442307516,-0.5539686434592129,2.1253103983674797,0.4094543441710592,True,False,True,False,False,False,False,False,False,True,False,True,False,False,96.0
-0.045512293178373985,-0.5539686434592129,0.26958214492566873,-2.4422747352320835,True,False,True,False,False,False,False,False,False,True,False,False,False,False,124.0
0.1494911800738766,-0.5539686434592129,0.26958214492566873,0.4094543441710592,True,False,False,True,True,False,False,False,False,True,False,True,False,True,175.0
2.3260286979310116,1.2219595915833068,0.26958214492566873,0.4094543441710592,True,False,False,True,False,False,False,False,False,True,False,False,False,False,570.0
1.681267005770573,-0.5539686434592129,0.26958214492566873,0.4094543441710592,False,False,True,False,False,False,False,False,False,False,True,True,False,True,55.0
-0.035607870307110635,-0.5539686434592129,0.26958214492566873,0.4094543441710592,True,False,False,True,False,True,False,False,False,True,False,True,False,True,155.0
0.6362692090582623,2.101155358532765,-0.6582819817952367,0.4094543441710592,True,False,False,True,False,True,False,False,False,False,True,False,False,True,380.0
-0.380314259744686,0.1161356867780614,-2.5140102352370475,-2.4422747352320835,True,False,True,False,True,False,False,False,False,True,False,False,True,False,111.0
-0.4286998009846283,-0.06192927868005679,0.26958214492566873,0.4094543441710592,False,False,True,False,False,False,False,False,False,False,False,False,True,True,110.0
-0.09535914271079775,-0.24269219816026769,-2.5140102352370475,0.4094543441710592,True,False,False,True,False,False,False,False,False,True,False,False,True,True,120.0
0.5432325811036083,1.130903643337678,0.26958214492566873,0.4094543441710592,True,False,False,True,False,False,True,False,False,True,False,False,False,True,130.0
-0.17767950985392103,-0.5539686434592129,0.26958214492566873,0.4094543441710592,True,False,False,True,False,False,False,False,False,True,False,True,False,True,130.0
-0.3791776866283115,-0.5539686434592129,2.1253103983674797,0.4094543441710592,True,False,True,False,False,False,False,False,False,True,False,False,True,False,71.0
-0.0021601471680901332,-0.5539686434592129,0.26958214492566873,0.4094543441710592,True,False,False,True,False,True,False,False,False,True,False,False,True,True,130.0
-0.33631264338218814,0.28914198844475575,0.26958214492566873,0.4094543441710592,True,False,False,True,False,False,False,False,False,False,False,True,False,True,128.0
0.08714202626133354,0.8732490342278253,0.26958214492566873,0.4094543441710592,True,False,True,False,False,False,False,False,False,True,False,True,False,True,296.0
0.09672171395648989,-0.5539686434592129,0.26958214492566873,0.4094543441710592,False,False,True,False,False,False,False,False,False,True,False,False,True,True,156.0
0.2862046892149216,-0.5539686434592129,0.26958214492566873,0.4094543441710592,True,False,True,False,False,False,False,False,False,False,True,False,True,True,128.0
-0.13611340731222563,-0.5539686434592129,0.26958214492566873,0.4094543441710592,True,False,False,True,False,True,False,False,False,True,False,False,True,False,100.0
-0.28208186897231996,-0.5539686434592129,-2.5140102352370475,0.4094543441710592,True,False,True,False,True,False,False,False,False,False,False,False,True,True,113.0
-0.4965694527909903,-0.014377839040672958,0.26958214492566873,0.4094543441710592,True,False,True,False,False,False,False,False,True,True,False,True,False,True,132.0
-0.49868023143568574,0.261150715465544,0.26958214492566873,0.4094543441710592,True,False,False,True,False,False,False,False,False,True,False,False,True,True,136.0
0.013589508873099133,-0.5539686434592129,0.26958214492566873,0.4094543441710592,True,False,False,True,False,False,False,False,False,True,False,False,False,True,125.0
0.6109398653219167,-0.5539686434592129,0.26958214492566873,0.4094543441710592,True,False,True,False,False,False,True,False,False,True,False,False,False,True,185.0
0.6656577424959454,-0.5539686434592129,0.26958214492566873,0.4094543441710592,True,False,False,True,False,False,True,False,False,True,False,False,False,True,275.0
-0.45808833442231134,0.1593029511315446,0.26958214492566873,0.4094543441710592,True,False,False,True,False,False,False,False,False,True,False,False,True,True,120.0
-0.5538852113738749,-0.005946732721633271,-2.5140102352370475,0.4094543441710592,True,False,False,True,False,True,False,False,True,True,False,True,False,True,113.0
-0.3741442913986531,-0.08182668959299046,0.26958214492566873,0.4094543441710592,True,False,False,True,False,True,False,False,False,True,False,False,True,True,113.0
-0.34556759590123753,-0.3907424251226046,0.26958214492566873,0.4094543441710592,True,False,False,True,False,True,False,False,False,True,False,True,False,True,135.0
-0.36115488435437326,-0.5539686434592129,0.26958214492566873,-2.4422747352320835,False,False,True,False,False,False,False,False,False,True,False,False,True,False,71.0
-0.38502291979823744,-0.06192927868005679,0.26958214492566873,0.4094543441710592,True,False,False,True,False,False,False,False,False,True,False,False,True,True,95.0
-0.24392548577974804,0.007880281641591816,0.26958214492566873,0.4094543441710592,True,False,True,False,False,False,False,False,True,True,False,False,False,True,109.0
-0.6339324322842492,0.05307101151164454,0.26958214492566873,-2.4422747352320835,False,False,True,False,False,False,False,False,False,True,False,True,False,False,103.0
-0.4084038524779411,-0.5539686434592129,-2.5140102352370475,-2.4422747352320835,True,False,False,True,False,True,False,False,True,True,False,False,True,False,45.0
-0.43016110927710977,-0.5539686434592129,-0.6582819817952367,0.4094543441710592,True,False,True,False,False,False,False,False,True,True,False,False,False,False,65.0
-0.4715648442307516,6.190916411772537,0.26958214492566873,0.4094543441710592,True,False,True,False,False,False,False,False,False,True,False,True,False,True,103.0
-0.5587562390154799,-0.5539686434592129,0.26958214492566873,0.4094543441710592,False,False,True,False,False,False,False,False,True,True,False,True,False,True,53.0
0.3306934083415799,-0.5539686434592129,0.26958214492566873,0.4094543441710592,False,False,True,False,False,False,False,False,False,False,True,False,False,False,194.0
-0.1391983914852421,-0.5539686434592129,0.26958214492566873,0.4094543441710592,False,False,True,False,False,False,False,False,False,True,False,True,False,True,115.0
-0.5256332510525663,0.25541756316859704,0.26958214492566873,0.4094543441710592,True,False,False,True,False,False,False,False,True,True,False,False,True,True,115.0
-0.5181643420021055,-0.5539686434592129,0.26958214492566873,0.4094543441710592,False,False,True,False,False,False,False,False,True,True,False,False,False,True,66.0
0.4701671664795343,-0.5539686434592129,-0.6582819817952367,-2.4422747352320835,True,False,False,True,True,False,False,False,False,True,False,True,False,False,152.0
12.274290817968808,-0.5539686434592129,0.26958214492566873,-2.4422747352320835,True,False,False,True,False,False,True,False,False,True,False,False,False,False,360.0
-0.24960835136162046,-0.5539686434592129,0.26958214492566873,0.4094543441710592,False,False,True,False,True,False,False,False,True,False,True,True,False,False,62.0
0.13828781649818528,-0.5539686434592129,0.26958214492566873,0.4094543441710592,True,False,False,True,False,False,False,False,False,False,False,False,True,True,160.0
0.11230900240962566,-0.5539686434592129,0.26958214492566873,-2.4422747352320835,True,False,False,True,False,False,False,False,True,True,False,False,False,False,218.0
-0.5116696384799655,0.13164892240509443,0.26958214492566873,0.4094543441710592,True,False,False,True,False,False,False,False,True,True,False,False,False,True,110.0
-0.5285558676375293,0.5376910027300458,0.26958214492566873,-2.4422747352320835,False,False,False,True,False,False,False,False,True,True,False,True,False,False,178.0
-0.39119288814427033,-0.5539686434592129,0.26958214492566873,0.4094543441710592,False,False,True,False,False,False,False,False,False,True,False,False,True,True,60.0
-0.4553280854254019,-0.5539686434592129,0.26958214492566873,0.4094543441710592,False,False,True,False,True,False,False,False,False,True,False,False,True,False,160.0
-0.6176956734788994,6.190916411772537,0.26958214492566873,0.4094543441710592,True,False,False,True,False,True,False,False,False,False,True,False,True,False,239.0
-0.7110570366096606,0.38120966944866913,0.26958214492566873,0.4094543441710592,True,False,False,True,False,False,False,False,False,True,False,False,False,True,112.0
-0.35043862354284244,-0.07609353729604347,0.26958214492566873,0.4094543441710592,True,False,False,True,False,False,False,False,False,True,False,True,False,True,138.0
0.0689568563993418,-0.5539686434592129,0.26958214492566873,0.4094543441710592,True,False,False,True,False,False,False,False,False,True,False,False,False,True,138.0
-0.4358439748589822,-0.5539686434592129,0.26958214492566873,-2.4422747352320835,False,False,True,False,False,False,False,False,True,True,False,False,True,False,80.0
-0.58197480410713,0.025754227037955952,0.26958214492566873,0.4094543441710592,True,False,False,True,False,False,False,False,False,True,False,False,True,True,100.0
0.2996811990233619,0.008217525894353402,0.26958214492566873,-2.4422747352320835,True,False,False,True,True,False,False,False,False,True,False,False,True,False,110.0
1.5385458958715486,-0.5539686434592129,0.26958214492566873,0.4094543441710592,True,False,False,True,False,False,False,False,False,True,False,True,False,True,96.0
-0.44461182461387105,0.8961816434156132,0.26958214492566873,0.4094543441710592,True,False,False,True,False,False,False,False,False,True,False,False,False,True,121.0
-0.12961870379008575,-0.5539686434592129,0.26958214492566873,0.4094543441710592,False,False,True,False,True,False,False,False,True,True,False,False,False,False,81.0
0.08616782073301255,-0.5539686434592129,0.26958214492566873,0.4094543441710592,True,False,False,True,False,True,False,False,False,True,False,True,False,True,133.0
-0.40337045724828263,-0.5485322658214109,0.26958214492566873,0.4094543441710592,True,False,False,True,False,False,False,False,False,True,False,False,False,True,87.0
-0.43633107762314266,-0.5539686434592129,-2.5140102352370475,0.4094543441710592,True,False,True,False,False,False,False,False,True,True,False,False,True,True,60.0
0.5227742650088676,-0.5539686434592129,0.26958214492566873,0.4094543441710592,False,False,True,False,True,False,False,False,False,False,True,True,False,True,150.0
0.17790550798323868,-0.5539686434592129,0.26958214492566873,-2.4422747352320835,True,False,True,False,False,False,False,False,False,True,False,False,False,False,105.0
1.2131612494123394,-0.5539686434592129,0.26958214492566873,0.4094543441710592,True,False,True,False,False,False,False,False,False,False,False,True,False,True,405.0
-0.483742413334764,0.23518290800290179,0.26958214492566873,0.4094543441710592,True,False,False,True,False,False,False,False,False,True,False,True,False,True,143.0
-0.2686053591638797,-0.5539686434592129,0.26958214492566873,0.4094543441710592,True,False,True,False,False,False,False,False,False,True,False,False,True,True,100.0
-0.5647638397734592,0.07027046840248549,0.26958214492566873,0.4094543441710592,True,False,True,False,False,False,False,False,False,True,False,True,False,True,50.0
0.8137369828007353,-0.5539686434592129,0.26958214492566873,-2.4422747352320835,True,False,True,False,False,False,False,False,False,False,True,False,True,False,187.0
0.28214549951358414,-0.5539686434592129,0.26958214492566873,0.4094543441710592,False,False,False,True,False,False,False,False,True,False,True,False,False,True,138.0
-0.28321844208869446,1.1538362525254662,0.26958214492566873,0.4094543441710592,True,False,True,False,False,False,False,False,False,True,False,True,False,True,187.0
0.4053824988461888,0.06420007185277693,0.26958214492566873,0.4094543441710592,True,False,False,True,False,False,False,False,False,True,False,False,False,True,180.0
-0.11321957739668248,0.11815915229463092,0.26958214492566873,0.4094543441710592,True,False,True,False,False,False,True,False,True,True,False,True,False,True,148.0
5.24685923942538,-0.5539686434592129,0.26958214492566873,0.4094543441710592,True,False,True,False,True,False,False,False,False,True,False,True,False,True,152.0
0.31315770883180216,2.2562877148030958,-0.6582819817952367,0.4094543441710592,True,False,False,True,False,False,False,False,False,True,False,False,False,True,175.0
-0.314717754171073,-0.14590309761769207,0.26958214492566873,0.4094543441710592,True,False,False,True,True,False,False,False,False,False,True,False,False,True,130.0
-0.12214979473962484,-0.5539686434592129,0.26958214492566873,0.4094543441710592,True,False,False,True,False,True,False,False,True,True,False,False,False,True,110.0
-0.30286492024316763,-0.08992055165926856,0.26958214492566873,0.4094543441710592,True,False,False,True,False,False,False,False,False,False,False,False,False,False,55.0
-0.3351760702658137,0.022719028763101664,0.26958214492566873,-2.4422747352320835,True,False,False,True,False,True,False,False,False,True,False,False,False,False,150.0
-0.4278879630443608,-0.033938005700845035,0.26958214492566873,0.4094543441710592,True,False,True,False,True,False,False,False,True,False,True,True,False,False,190.0
-0.5025770535489696,-0.13072710624342063,0.26958214492566873,-2.4422747352320835,True,False,False,True,False,True,False,False,True,True,False,False,False,False,125.0
-0.5595680769557473,-0.06294101143834155,-0.6582819817952367,0.4094543441710592,True,False,False,True,False,True,False,False,True,True,False,False,True,True,60.0
-0.23645657672928713,0.030475646576618175,0.26958214492566873,-2.4422747352320835,True,False,False,True,False,False,False,False,False,True,False,False,False,False,149.0
-0.4743250932276611,0.2776756838508618,-2.5140102352370475,-2.4422747352320835,True,False,False,True,False,False,False,False,False,True,False,False,False,True,90.0
0.27289054699453474,-0.5539686434592129,0.26958214492566873,0.4094543441710592,True,False,True,False,False,False,False,False,False,False,True,True,False,True,84.0
-0.25090729206604845,-0.5539686434592129,0.26958214492566873,0.4094543441710592,True,False,False,True,False,True,False,False,False,True,False,True,False,True,96.0
-0.1791408181464025,-0.5539686434592129,0.26958214492566873,0.4094543441710592,True,False,False,True,False,False,False,False,False,True,False,False,True,True,118.0
-0.2754247978621266,0.3124118418853053,0.26958214492566873,0.4094543441710592,True,False,False,True,False,False,False,False,False,True,False,False,True,False,173.0
-0.17053533597956713,-0.5539686434592129,0.26958214492566873,0.4094543441710592,True,False,True,False,False,True,False,False,False,True,False,False,False,True,136.0
0.47568766447335326,-0.5539686434592129,0.26958214492566873,0.4094543441710592,True,False,False,True,False,False,False,False,False,True,False,True,False,False,160.0
-0.5392721284490601,0.8229996405663488,0.26958214492566873,0.4094543441710592,False,True,False,True,False,False,False,False,False,False,True,True,False,True,160.0
0.3792413171695757,-0.5539686434592129,-2.5140102352370475,0.4094543441710592,True,False,False,True,False,False,True,False,False,True,False,False,True,True,128.0
-0.3879455363832004,0.1839217815831405,0.26958214492566873,0.4094543441710592,True,False,False,True,False,False,False,False,False,True,False,False,False,True,153.0
-0.03463366477878965,-0.5539686434592129,0.26958214492566873,0.4094543441710592,False,False,True,False,True,False,False,False,True,False,False,True,False,True,132.0
-0.20106044253362468,-0.5539686434592129,0.26958214492566873,-2.4422747352320835,True,False,True,False,False,False,False,False,False,True,False,True,False,False,98.0
0.09672171395648989,-0.5539686434592129,0.26958214492566873,0.4094543441710592,True,False,True,False,False,False,False,False,False,True,False,False,False,True,140.0
-0.3989865323708382,0.00720579313606864,-2.5140102352370475,-2.4422747352320835,True,False,False,True,False,False,True,False,True,True,False,False,True,False,70.0
1.8327559654244863,-0.5539686434592129,0.26958214492566873,0.4094543441710592,False,True,False,True,False,False,False,False,False,True,False,True,False,True,110.0
-0.8433866208732611,0.42977284184633774,0.26958214492566873,0.4094543441710592,False,False,False,True,False,True,False,False,True,False,False,True,False,True,98.0
-0.17394505532869056,0.272617020059438,0.26958214492566873,0.4094543441710592,True,False,False,True,False,False,False,False,False,True,False,False,True,False,110.0
-0.3173156355799289,0.14716215803212745,0.26958214492566873,0.4094543441710592,True,False,False,True,True,False,False,False,False,False,True,True,False,True,162.0
-0.4467226032585665,-0.048102264316831705,-2.5140102352370475,-2.4422747352320835,True,False,False,True,True,False,False,False,True,True,False,False,False,False,113.0
-0.11581745880553844,-0.5539686434592129,0.26958214492566873,0.4094543441710592,True,False,False,True,False,False,True,False,False,True,False,True,False,True,100.0
-0.4715648442307516,-0.5539686434592129,0.26958214492566873,0.4094543441710592,False,False,True,False,False,False,False,False,False,False,True,False,True,True,93.0
0.020733682747453026,1.0135426433766457,0.26958214492566873,0.4094543441710592,True,False,True,False,False,True,False,False,False,True,False,False,False,True,162.0
1.8056405782195522,-0.21200297115896322,0.26958214492566873,0.4094543441710592,True,False,False,True,False,True,False,False,False,False,True,False,False,True,150.0
0.2103790255939382,0.036208798873565165,-0.6582819817952367,0.4094543441710592,True,False,False,True,False,True,False,False,False,True,False,True,False,True,230.0
-0.41100173388679706,0.07735259771047884,0.26958214492566873,-2.4422747352320835,False,True,False,True,False,True,False,False,False,True,False,True,False,False,132.0
1.8286967757231487,0.2048309252543589,0.26958214492566873,0.4094543441710592,True,False,False,True,True,False,False,False,False,False,True,True,False,True,86.0
-0.17118480633178113,-0.5539686434592129,0.26958214492566873,0.4094543441710592,False,False,True,False,False,False,False,False,True,True,False,False,False,True,154.0
-0.3749561293389206,-0.5539686434592129,0.26958214492566873,0.4094543441710592,True,False,False,True,False,False,True,False,True,True,False,False,False,True,113.0
-0.5392721284490601,0.5083507527397876,0.26958214492566873,0.4094543441710592,True,False,False,True,False,False,False,False,False,True,False,True,False,True,128.0
0.8814442670190437,-0.5539686434592129,0.26958214492566873,0.4094543441710592,True,False,False,True,False,False,False,False,False,True,False,True,False,True,234.0
0.47552529688529976,-0.5539686434592129,0.26958214492566873,0.4094543441710592,True,False,False,True,False,True,False,False,False,True,False,True,False,True,246.0
-0.5595680769557473,0.26755835626801416,0.26958214492566873,0.4094543441710592,True,False,False,True,True,False,False,False,True,True,False,False,False,True,131.0
-0.30156597953873965,-0.5539686434592129,0.26958214492566873,-2.4422747352320835,True,False,True,False,False,True,False,False,False,True,False,False,False,False,80.0
2.0992011774202757,-0.5539686434592129,0.26958214492566873,0.4094543441710592,True,False,False,True,True,False,False,False,False,True,False,False,True,False,500.0
-0.1333531583153162,0.1485111350431738,0.26958214492566873,0.4094543441710592,True,False,False,True,False,True,False,False,False,False,True,True,False,True,160.0
-0.482118737454229,-0.5539686434592129,0.26958214492566873,0.4094543441710592,True,False,True,False,False,False,False,False,False,True,False,False,True,False,75.0
-0.4392536942081056,0.3852566004818082,0.26958214492566873,0.4094543441710592,True,False,True,False,False,False,False,False,True,True,False,True,False,True,96.0
-0.011577467275192993,-0.1725453935858575,0.26958214492566873,0.4094543441710592,True,False,False,True,True,False,False,False,True,True,False,False,True,True,186.0
-0.278185046859036,-0.5539686434592129,0.26958214492566873,0.4094543441710592,True,False,True,False,False,False,False,False,True,True,False,False,False,True,110.0
1.9254678582030333,-0.5539686434592129,0.26958214492566873,0.4094543441710592,False,False,True,False,False,False,False,False,True,False,True,True,False,True,225.0
-0.2934476001360648,0.17346720974753127,0.26958214492566873,-2.4422747352320835,True,False,False,True,False,False,False,False,False,True,False,False,False,False,119.0
-0.33744921649856263,-0.24606464068788356,-3.9985928379904965,0.4094543441710592,False,False,False,True,True,False,False,False,False,True,False,True,False,True,105.0
-0.4553280854254019,0.01934658623548579,0.26958214492566873,0.4094543441710592,True,False,False,True,False,False,False,False,True,True,False,False,False,True,107.0
-0.12653371961706927,0.4095381866806425,-5.1120297900555824,0.4094543441710592,True,False,False,True,False,False,False,False,False,True,False,False,True,True,111.0
-0.4074296469496201,-0.5539686434592129,0.26958214492566873,0.4094543441710592,True,False,False,True,True,False,False,False,False,False,True,True,False,True,95.0
0.1426717413756297,0.9353019767359574,0.26958214492566873,-2.4422747352320835,True,False,True,False,False,False,False,False,False,True,False,False,False,False,209.0
-0.7727567200699896,0.6881019394617137,2.1253103983674797,0.4094543441710592,False,False,True,False,False,False,False,False,False,True,False,False,False,True,113.0
-0.36456460370349675,-0.5539686434592129,0.26958214492566873,0.4094543441710592,False,False,True,False,False,False,False,False,False,True,False,True,False,True,100.0
-0.08756549848422986,1.342693034071955,0.26958214492566873,0.4094543441710592,True,False,False,True,False,True,False,False,False,True,False,True,False,True,208.0
-0.2198950827478304,1.2341003846827239,0.26958214492566873,0.4094543441710592,True,False,False,True,True,False,False,False,True,True,False,False,False,False,138.0
-0.25821383352845584,-0.05383541661377869,-0.6582819817952367,0.4094543441710592,True,False,False,True,False,False,False,False,True,True,False,True,False,True,124.0
-0.3075735802967191,0.9353019767359574,0.26958214492566873,0.4094543441710592,True,False,False,True,False,True,False,False,False,True,False,False,False,True,243.0
2.5051201475540195,1.6944387897022908,0.26958214492566873,0.4094543441710592,True,False,False,True,False,False,False,False,False,True,False,False,True,True,480.0
-0.29572074636881374,-0.5539686434592129,0.26958214492566873,0.4094543441710592,False,True,True,False,False,False,False,False,False,True,False,False,True,False,96.0
-0.4749745635798751,0.46214829011145014,0.26958214492566873,0.4094543441710592,True,False,False,True,False,False,False,False,False,False,True,False,True,True,188.0
1.2758351384009894,-0.5539686434592129,0.26958214492566873,0.4094543441710592,False,False,True,False,True,False,False,False,False,True,False,False,True,True,40.0
-0.2932852325480113,-0.11993529015504983,0.26958214492566873,0.4094543441710592,True,False,True,False,False,False,False,False,True,True,False,False,False,False,100.0
0.10727560717996723,0.12186883907500838,0.26958214492566873,0.4094543441710592,True,False,False,True,True,False,False,False,False,True,False,True,False,True,250.0
-0.34443102278486304,0.13232341091061758,0.26958214492566873,0.4094543441710592,True,False,False,True,False,True,False,False,False,True,False,False,True,True,148.0
-0.5316408518105458,1.6941015454495292,-2.5140102352370475,0.4094543441710592,True,False,False,True,False,False,False,False,False,True,False,True,False,False,70.0
0.06668371016659284,0.6823687871647668,0.26958214492566873,0.4094543441710592,True,False,True,False,False,False,False,False,False,True,False,False,False,False,311.0
-0.314717754171073,0.602104655007509,0.26958214492566873,0.4094543441710592,True,False,False,True,False,False,True,False,False,True,False,False,False,True,150.0
-0.547715243027842,-0.0035860229523021593,2.1253103983674797,0.4094543441710592,False,False,False,True,False,True,False,False,False,True,False,True,False,True,113.0
-0.378365848688044,0.05307101151164454,0.26958214492566873,-2.4422747352320835,True,False,False,True,False,False,False,True,True,True,False,True,False,False,123.0
-0.11711639950996643,0.09185410057922709,0.26958214492566873,0.4094543441710592,True,False,True,False,False,False,False,False,False,True,False,True,False,False,185.0
-0.3254340149826038,-0.5539686434592129,0.26958214492566873,0.4094543441710592,False,False,True,False,False,False,False,False,True,True,False,False,False,False,95.0
-0.5215740613512289,0.03351084485147247,0.26958214492566873,0.4094543441710592,True,False,False,True,False,True,False,False,True,True,False,True,False,True,45.0
-0.4715648442307516,-0.5539686434592129,0.26958214492566873,0.4094543441710592,True,False,True,False,False,False,False,False,False,True,False,True,False,True,55.0
0.04427698301521017,-0.07373282752671236,0.26958214492566873,0.4094543441710592,True,False,False,True,False,False,True,False,False,False,True,False,False,True,100.0
0.4130137754847032,1.862723671830323,0.26958214492566873,0.4094543441710592,True,False,False,True,False,True,False,False,False,False,True,False,False,True,480.0
1.9639489765717122,-0.5539686434592129,0.26958214492566873,0.4094543441710592,True,False,False,True,False,True,False,False,False,False,True,False,False,True,400.0
-0.2645461694625422,-0.5539686434592129,0.26958214492566873,0.4094543441710592,True,False,False,True,False,False,False,False,False,True,False,True,False,True,110.0
-0.019371111501760876,-0.07170936201014283,0.26958214492566873,-2.4422747352320835,True,False,False,True,True,False,False,False,True,True,False,True,False,True,161.0
-0.44250104596917555,-0.11487662636362603,0.26958214492566873,0.4094543441710592,True,False,True,False,True,False,False,False,True,True,False,True,False,True,94.0
0.2238555354023785,-0.5539686434592129,0.26958214492566873,0.4094543441710592,True,False,True,False,False,False,False,False,True,True,False,True,False,True,130.0
-0.7110570366096606,1.3008747467295183,0.26958214492566873,0.4094543441710592,True,False,False,True,False,False,False,False,False,True,False,False,False,True,216.0
-0.18238816990747245,-0.5539686434592129,0.26958214492566873,0.4094543441710592,True,False,False,True,False,False,True,False,False,True,False,False,True,True,100.0
-0.2949089084285463,-0.5539686434592129,0.26958214492566873,-2.4422747352320835,True,False,True,False,False,True,False,False,False,True,False,False,False,False,110.0
0.9491515512373522,-0.5539686434592129,0.26958214492566873,0.4094543441710592,True,False,True,False,True,False,False,False,False,True,False,True,False,False,196.0
2.0719234226272882,-0.5539686434592129,0.26958214492566873,0.4094543441710592,False,False,True,False,False,False,False,False,True,False,True,False,True,True,125.0
-0.4634464648280768,0.1346841206799487,0.26958214492566873,0.4094543441710592,True,False,True,False,False,False,False,False,True,False,False,False,False,True,126.0
0.11831660316760508,0.7633074078275478,0.26958214492566873,0.4094543441710592,True,False,False,True,False,False,False,False,False,True,False,False,True,True,324.0
-0.29020024837499486,-0.5539686434592129,0.26958214492566873,0.4094543441710592,True,False,True,False,False,True,False,False,False,True,False,True,False,True,107.0
-0.40385756001244316,-0.37320572397900204,0.26958214492566873,0.4094543441710592,True,False,False,True,False,False,False,False,True,True,False,False,False,False,66.0
0.1644289981747984,-0.5539686434592129,-2.5140102352370475,0.4094543441710592,True,False,False,True,False,False,True,False,False,True,False,False,False,True,157.0
-0.12929396861397874,0.40549125564750343,-2.5140102352370475,0.4094543441710592,False,False,False,True,True,False,False,False,False,True,False,True,False,True,140.0
-0.5303419111061177,-0.5539686434592129,0.26958214492566873,-2.4422747352320835,False,False,True,False,False,False,False,False,False,True,False,True,False,False,99.0
-0.28451738279312244,-0.5539686434592129,0.26958214492566873,0.4094543441710592,False,False,True,False,True,False,False,False,False,False,False,True,False,True,95.0
-0.5139427847127145,0.29723585051103385,0.26958214492566873,0.4094543441710592,True,False,False,True,True,False,False,False,True,True,False,False,True,True,128.0
-0.3876208012070934,-0.3303757038782804,0.26958214492566873,0.4094543441710592,False,False,False,True,False,False,False,False,True,True,False,True,False,True,102.0
-0.42805033063241427,0.10365764942588265,0.26958214492566873,0.4094543441710592,True,False,False,True,False,False,False,False,False,True,False,False,False,True,155.0
-0.33225345368085074,-0.5539686434592129,-4.74088413936722,0.4094543441710592,True,False,True,False,False,False,False,False,True,True,False,True,False,False,80.0
-0.4673432869413607,0.04733785921469755,0.26958214492566873,0.4094543441710592,True,False,True,False,False,False,False,False,False,True,False,False,False,True,145.0
-0.06564587409700769,-0.5539686434592129,0.26958214492566873,-2.4422747352320835,False,False,True,False,False,False,False,False,False,True,False,True,False,False,103.0
-0.42529008163550486,0.12591577010814745,0.26958214492566873,0.4094543441710592,True,False,False,True,False,False,False,False,False,True,False,False,False,True,110.0
-0.33631264338218814,0.5420751780159464,0.26958214492566873,0.4094543441710592,True,False,False,True,True,False,False,False,False,True,False,False,True,True,158.0
-0.47903375328121256,0.23282219823357067,0.26958214492566873,-2.4422747352320835,True,False,False,True,False,False,False,False,True,True,False,False,True,False,181.0
-0.29409707048827877,0.8847153388217193,-2.5140102352370475,-2.4422747352320835,True,False,False,True,False,False,False,False,False,True,False,False,False,False,132.0
0.01034215711202918,-0.20593257460925465,0.26958214492566873,0.4094543441710592,True,False,False,True,True,False,False,False,False,True,False,True,False,True,26.0
-0.44444945702581756,-0.005946732721633271,0.26958214492566873,0.4094543441710592,False,False,True,False,False,False,False,False,False,True,False,False,True,True,84.0
0.7687611609099164,-0.5539686434592129,0.26958214492566873,0.4094543441710592,True,False,False,True,False,False,True,False,False,False,True,True,False,True,260.0
-0.2463609996005505,0.34613626716146406,0.26958214492566873,0.4094543441710592,True,False,False,True,False,False,False,False,False,True,False,True,False,True,162.0
-0.19878729630087572,0.2237166034090078,0.26958214492566873,0.4094543441710592,False,False,False,True,False,False,False,False,False,True,False,True,False,True,182.0
-0.280782928267892,-0.47235553429090876,0.26958214492566873,0.4094543441710592,True,False,False,True,False,True,False,False,True,True,False,True,False,True,108.0
2.2860862712698515,-0.5539686434592129,0.26958214492566873,0.4094543441710592,False,False,False,True,True,False,False,False,False,False,True,True,False,True,600.0
0.08421940967637058,0.13873105171308775,0.26958214492566873,0.4094543441710592,True,False,False,True,False,False,False,False,False,True,False,False,False,True,211.0
0.06424819634579038,-0.5539686434592129,0.26958214492566873,0.4094543441710592,True,False,True,False,False,False,False,False,True,False,True,True,False,True,132.0
0.5511885929182296,-0.5539686434592129,0.26958214492566873,-2.4422747352320835,True,False,False,True,False,True,False,False,False,True,False,False,True,False,258.0
-0.1521877985295219,-0.5539686434592129,0.26958214492566873,0.4094543441710592,True,False,False,True,False,False,False,False,True,True,False,False,False,True,120.0
-0.33631264338218814,-0.5539686434592129,0.26958214492566873,0.4094543441710592,True,False,True,False,False,False,False,False,False,True,False,False,True,True,70.0
-0.3254340149826038,0.28914198844475575,0.26958214492566873,-2.4422747352320835,True,False,False,True,False,False,True,False,False,True,False,False,False,False,123.0
-0.49137368997327835,-0.5539686434592129,0.26958214492566873,0.4094543441710592,False,False,True,False,False,False,False,False,False,True,False,False,True,False,9.0
-0.36342803058712225,0.14210349424070362,0.26958214492566873,-2.4422747352320835,True,False,False,True,False,False,False,False,False,True,False,False,True,False,104.0
-0.32267376598569436,0.036208798873565165,0.26958214492566873,0.4094543441710592,True,False,False,True,True,False,False,False,False,True,False,False,True,True,186.0
-0.04681123388280197,-0.0646272327021495,0.26958214492566873,-2.4422747352320835,True,False,False,True,False,False,False,True,False,True,False,False,True,False,165.0
1.8285344081350952,-0.5539686434592129,0.26958214492566873,0.4094543441710592,True,False,False,True,False,True,False,False,False,True,False,False,True,True,275.0
0.11701766246317709,-0.005946732721633271,2.1253103983674797,0.4094543441710592,True,False,False,True,False,True,False,False,True,True,False,True,False,False,187.0
0.1626429547062099,-0.5539686434592129,0.26958214492566873,0.4094543441710592,True,False,False,True,False,False,True,False,False,True,False,True,False,False,150.0
-0.36456460370349675,-0.3984990429361211,-3.9985928379904965,0.4094543441710592,True,False,False,True,False,True,False,False,False,True,False,False,True,True,108.0
-0.37625507004334857,0.1913411551438954,0.26958214492566873,-2.4422747352320835,False,True,False,True,False,False,False,False,False,True,False,True,False,False,136.0
-0.3531988725397519,0.36974336485477516,0.26958214492566873,0.4094543441710592,True,False,True,False,False,False,False,False,False,True,False,False,True,True,110.0
-0.5881447724531629,0.19876052870465033,0.26958214492566873,0.4094543441710592,True,False,False,True,True,False,False,False,False,True,False,False,False,True,107.0
-0.3608301491782663,0.42977284184633774,0.26958214492566873,0.4094543441710592,True,False,True,False,False,False,False,False,False,False,False,False,True,True,161.0
0.18440021150537858,-0.5539686434592129,0.26958214492566873,0.4094543441710592,True,False,False,True,False,True,False,False,False,True,False,True,False,True,205.0
-0.579376922698274,10.857365137234623,0.26958214492566873,0.4094543441710592,True,False,True,False,False,False,False,False,False,True,False,False,True,False,90.0
-0.36342803058712225,-0.5539686434592129,0.26958214492566873,0.4094543441710592,False,False,False,True,False,False,False,False,False,True,False,True,False,True,36.0
-0.5722327488239202,-0.5539686434592129,0.26958214492566873,0.4094543441710592,True,False,False,True,True,False,False,False,False,True,False,False,False,False,61.0
-0.4249653464593978,0.09252858908475027,0.26958214492566873,-2.4422747352320835,True,False,False,True,True,False,False,False,False,True,False,False,False,False,146.0
-0.18206343473136546,0.4577641148255495,-3.9985928379904965,0.4094543441710592,True,False,False,True,True,False,False,False,False,True,False,False,False,False,172.0
-0.5045254646056117,-0.040682890756076784,0.26958214492566873,0.4094543441710592,True,False,False,True,False,False,False,False,False,True,False,False,True,True,104.0
-0.5259579862286733,-0.5539686434592129,0.26958214492566873,0.4094543441710592,False,False,True,False,False,False,False,False,True,True,False,True,False,True,70.0
-0.10623777111038209,-0.5539686434592129,0.26958214492566873,0.4094543441710592,False,True,True,False,False,False,False,False,False,True,False,True,False,True,94.0
-0.4348697693306612,-0.5539686434592129,0.26958214492566873,-2.4422747352320835,True,False,False,True,False,True,False,False,False,False,True,True,False,False,106.0
-0.3903810502040029,0.5980577239743698,-2.5140102352370475,0.4094543441710592,True,False,False,True,False,False,False,False,False,True,False,True,False,True,56.0
0.09672171395648989,-0.5539686434592129,-1.5861461085161421,0.4094543441710592,True,False,False,True,False,True,False,False,False,False,True,True,False,False,205.0
0.6417897070520813,-0.5539686434592129,0.26958214492566873,0.4094543441710592,False,True,True,False,False,False,True,False,False,False,True,True,False,True,292.0
-0.25090729206604845,0.5589373906540257,-2.5140102352370475,0.4094543441710592,True,False,False,True,False,False,False,False,False,True,False,False,False,True,142.0
1.7398817050578856,-0.5539686434592129,0.26958214492566873,0.4094543441710592,True,False,False,True,False,False,False,False,False,False,True,False,True,True,260.0
-0.2551288493554394,-0.5539686434592129,0.26958214492566873,0.4094543441710592,True,False,True,False,False,False,False,False,True,True,False,False,False,True,110.0
0.15890850018097946,-0.21672439069762545,0.26958214492566873,0.4094543441710592,True,False,False,True,False,True,False,False,True,False,True,False,False,False,187.0
-0.3924918288486983,-0.5539686434592129,0.26958214492566873,-2.4422747352320835,True,False,True,False,False,False,False,True,False,True,False,True,False,False,88.0
0.7401844654125008,-0.5539686434592129,0.26958214492566873,0.4094543441710592,True,False,False,True,False,False,False,False,False,False,True,False,False,True,180.0
0.06100084458472042,-0.5539686434592129,0.26958214492566873,0.4094543441710592,True,False,False,True,False,True,False,False,False,True,False,False,True,True,192.0
-0.8099388977342407,13.497987636357852,-2.5140102352370475,0.4094543441710592,False,False,True,False,False,False,True,False,False,False,False,False,True,False,350.0
-0.4075920145376736,0.3876173102511393,0.26958214492566873,0.4094543441710592,True,False,False,True,False,False,False,False,True,False,False,False,False,True,155.0
0.048498540304601115,-0.5539686434592129,0.26958214492566873,0.4094543441710592,True,False,False,True,False,False,True,False,False,True,False,False,True,True,128.0
-0.2806205606798385,0.8965188876683748,0.26958214492566873,0.4094543441710592,True,False,True,False,False,False,False,False,False,True,False,False,False,True,172.0
1.0709272422774754,-0.5539686434592129,0.26958214492566873,0.4094543441710592,False,False,False,True,True,False,False,False,False,True,False,True,False,True,496.0
-0.3254340149826038,0.28914198844475575,0.26958214492566873,0.4094543441710592,True,False,False,True,True,False,False,False,False,True,False,True,False,True,173.0
-0.23012424079520075,-0.078117002812613,0.26958214492566873,0.4094543441710592,True,False,False,True,False,True,False,False,True,True,False,False,False,True,157.0
-0.35271176977559143,0.10365764942588265,0.26958214492566873,0.4094543441710592,True,False,False,True,False,False,False,False,False,True,False,False,False,True,108.0
-0.4066178090093526,-0.5539686434592129,0.26958214492566873,0.4094543441710592,False,False,True,False,False,False,False,False,False,True,False,False,False,True,71.0
-0.21080249781683452,-0.5539686434592129,-2.5140102352370475,0.4094543441710592,True,False,False,True,False,False,True,False,False,True,False,False,False,True,40.0
0.4331473564033369,-0.4730300227964319,0.26958214492566873,0.4094543441710592,True,False,False,True,True,False,False,False,False,True,False,False,True,True,253.0
0.35374960584517656,-0.5539686434592129,0.26958214492566873,0.4094543441710592,True,False,False,True,False,True,False,False,False,True,False,False,True,True,187.0
-0.1333531583153162,-0.5539686434592129,0.26958214492566873,-2.4422747352320835,False,False,True,False,False,False,False,False,False,False,True,True,False,False,133.0
